Battery,Seed,Min_RE,Min_MAE,Min_RMSE,Epoch,alpha_3_1,lr
CS2_35,0,0.04145353404352516,0.027995661640711836,0.03547498411830273,259,0.9,0.005
CS2_36,0,0.04229127372543235,0.01888703861177488,0.028381641507350185,349,0.9,0.005
CS2_37,0,0.024745135433586075,0.015526116207064298,0.021688619720186694,289,0.9,0.005
CS2_38,0,0.04604560075126376,0.027977781610670396,0.03715670486062115,209,0.9,0.005
Average,0,0.038633885988451834,0.02259664951755535,0.030675487551615192,,0.9,0.005
