Battery,Seed,Min_RE,Min_MAE,Min_RMSE,Epoch,alpha_3_1,lr
A_001,4,0.06536841368674398,0.033347493027447675,0.043139372831905616,219,0.6,0.003
A_003,4,0.0347267898169221,0.01657179522912878,0.02225276577149259,149,0.6,0.003
A_004,4,0.060429483725619244,0.04116905801438387,0.050503281037365254,89,0.6,0.003
A_006,4,0.12021036038031287,0.03088496127724431,0.039550377609391264,439,0.6,0.003
Average,4,0.07018376190239954,0.03049332688705116,0.03886144931253868,,0.6,0.003
