Seed,RE,MAE,RMSE
0,0.021415444,0.032724788,0.041962632
1,0.018514151,0.029097147,0.03860312
2,0.019039751,0.030024756,0.04001037
3,0.018490236,0.028974378,0.038559917
4,0.018868679,0.029079239,0.037677348
,,,
,,,
,,,0.03936266
