Battery,Seed,Min_RE,Min_MAE,Min_RMSE,Epoch,alpha_3_1,lr
B0005,1,0.018836674786962646,0.030641028303514832,0.03924598338381719,929,0.9,0.005
B0006,1,0.023509052397007978,0.03444449194168027,0.040916792378803454,829,0.9,0.005
B0007,1,0.013871602544447142,0.02287418992406755,0.027786929362605003,899,0.9,0.005
B0018,1,0.021210321550480356,0.03189249843222497,0.03693566487454097,639,0.9,0.005
Average,1,0.01935691281972453,0.029963052150371903,0.036221342499941654,,0.9,0.005
